{
  "properties": {
    "connectionReferences": {
      "shared_webcontents": {
        "runtimeSource": "invoker",
        "connection": {
          "connectionReferenceLogicalName": "rms_sharedwebcontents_6c025"
        },
        "api": {
          "name": "shared_webcontents"
        }
      },
      "shared_conversionservice": {
        "runtimeSource": "invoker",
        "connection": {
          "connectionReferenceLogicalName": "fmdk_sharedconversionservice_272e3"
        },
        "api": {
          "name": "shared_conversionservice"
        }
      },
      "shared_commondataserviceforapps": {
        "runtimeSource": "embedded",
        "connection": {
          "connectionReferenceLogicalName": "rms_sharedcommondataserviceforapps_9bb41"
        },
        "api": {
          "name": "shared_commondataserviceforapps"
        }
      }
    },
    "definition": {
      "$schema": "https://schema.management.azure.com/providers/Microsoft.Logic/schemas/2016-06-01/workflowdefinition.json#",
      "contentVersion": "1.0.0.0",
      "parameters": {
        "$connections": {
          "defaultValue": {},
          "type": "Object"
        },
        "$authentication": {
          "defaultValue": {},
          "type": "SecureObject"
        }
      },
      "triggers": {
        "manual": {
          "metadata": {
            "operationMetadataId": "22cc9251-74dd-448b-8ec3-747e932cf8bf"
          },
          "type": "Request",
          "kind": "PowerAppV2",
          "inputs": {
            "schema": {
              "type": "object",
              "properties": {
                "text": {
                  "title": "Start",
                  "type": "string",
                  "x-ms-dynamically-added": true,
                  "description": "Please enter your input",
                  "x-ms-content-hint": "TEXT"
                },
                "text_1": {
                  "title": "End",
                  "type": "string",
                  "x-ms-dynamically-added": true,
                  "description": "Please enter your input",
                  "x-ms-content-hint": "TEXT"
                }
              },
              "required": [
                "text",
                "text_1"
              ]
            }
          }
        }
      },
      "actions": {
        "Initialize_variable_NextLink": {
          "runAfter": {},
          "metadata": {
            "operationMetadataId": "69c4fb57-e4cc-43ba-86f7-6fff35148fbc"
          },
          "type": "InitializeVariable",
          "inputs": {
            "variables": [
              {
                "name": "NextLink",
                "type": "string"
              }
            ]
          }
        },
        "Do_until": {
          "actions": {
            "Get_my_e-mails_for_the_period": {
              "runAfter": {},
              "metadata": {
                "operationMetadataId": "f5e5bf8f-be0c-4e0d-9195-5cb5912efb7f"
              },
              "type": "OpenApiConnection",
              "inputs": {
                "host": {
                  "connectionName": "shared_webcontents",
                  "operationId": "InvokeHttp",
                  "apiId": "/providers/Microsoft.PowerApps/apis/shared_webcontents"
                },
                "parameters": {
                  "request/method": "GET",
                  "request/url": "https://graph.microsoft.com/v1.0/me/messages?$filter=createdDateTime ge @{triggerBody()['text']}T00:00:00Z and createdDateTime le @{triggerBody()['text_1']}T00:00:00Z"
                },
                "authentication": "@parameters('$authentication')"
              }
            },
            "Parse_Result": {
              "runAfter": {
                "Get_my_e-mails_for_the_period": [
                  "Succeeded"
                ]
              },
              "metadata": {
                "operationMetadataId": "f38c0f51-1915-4eca-92d0-4c7f8bb88c26"
              },
              "type": "ParseJson",
              "inputs": {
                "content": "@body('Get_my_e-mails_for_the_period')",
                "schema": {
                  "type": "object",
                  "properties": {
                    "@@odata.context": {
                      "type": "string"
                    },
                    "value": {
                      "type": "array",
                      "items": {
                        "type": "object",
                        "properties": {
                          "@@odata.etag": {
                            "type": "string"
                          },
                          "id": {
                            "type": "string"
                          },
                          "createdDateTime": {
                            "type": "string"
                          },
                          "lastModifiedDateTime": {
                            "type": "string"
                          },
                          "changeKey": {
                            "type": "string"
                          },
                          "categories": {
                            "type": "array"
                          },
                          "receivedDateTime": {
                            "type": "string"
                          },
                          "sentDateTime": {
                            "type": "string"
                          },
                          "hasAttachments": {
                            "type": "boolean"
                          },
                          "internetMessageId": {
                            "type": "string"
                          },
                          "subject": {
                            "type": "string"
                          },
                          "bodyPreview": {
                            "type": "string"
                          },
                          "importance": {
                            "type": "string"
                          },
                          "parentFolderId": {
                            "type": "string"
                          },
                          "conversationId": {
                            "type": "string"
                          },
                          "conversationIndex": {
                            "type": "string"
                          },
                          "isDeliveryReceiptRequested": {},
                          "isReadReceiptRequested": {
                            "type": "boolean"
                          },
                          "isRead": {
                            "type": "boolean"
                          },
                          "isDraft": {
                            "type": "boolean"
                          },
                          "webLink": {
                            "type": "string"
                          },
                          "inferenceClassification": {
                            "type": "string"
                          },
                          "body": {
                            "type": "object",
                            "properties": {
                              "contentType": {
                                "type": "string"
                              },
                              "content": {
                                "type": "string"
                              }
                            }
                          },
                          "sender": {
                            "type": "object",
                            "properties": {
                              "emailAddress": {
                                "type": "object",
                                "properties": {
                                  "name": {
                                    "type": "string"
                                  },
                                  "address": {
                                    "type": "string"
                                  }
                                }
                              }
                            }
                          },
                          "from": {
                            "type": "object",
                            "properties": {
                              "emailAddress": {
                                "type": "object",
                                "properties": {
                                  "name": {
                                    "type": "string"
                                  },
                                  "address": {
                                    "type": "string"
                                  }
                                }
                              }
                            }
                          },
                          "toRecipients": {
                            "type": "array",
                            "items": {
                              "type": "object",
                              "properties": {
                                "emailAddress": {
                                  "type": "object",
                                  "properties": {
                                    "name": {
                                      "type": "string"
                                    },
                                    "address": {
                                      "type": "string"
                                    }
                                  }
                                }
                              },
                              "required": [
                                "emailAddress"
                              ]
                            }
                          },
                          "ccRecipients": {
                            "type": "array"
                          },
                          "bccRecipients": {
                            "type": "array"
                          },
                          "replyTo": {
                            "type": "array",
                            "items": {
                              "type": "object",
                              "properties": {
                                "emailAddress": {
                                  "type": "object",
                                  "properties": {
                                    "name": {
                                      "type": "string"
                                    },
                                    "address": {
                                      "type": "string"
                                    }
                                  }
                                }
                              },
                              "required": [
                                "emailAddress"
                              ]
                            }
                          },
                          "flag": {
                            "type": "object",
                            "properties": {
                              "flagStatus": {
                                "type": "string"
                              }
                            }
                          }
                        },
                        "required": [
                          "@@odata.etag",
                          "id",
                          "createdDateTime",
                          "lastModifiedDateTime",
                          "changeKey",
                          "categories",
                          "receivedDateTime",
                          "sentDateTime",
                          "hasAttachments",
                          "internetMessageId",
                          "subject",
                          "bodyPreview",
                          "importance",
                          "parentFolderId",
                          "conversationId",
                          "conversationIndex",
                          "isDeliveryReceiptRequested",
                          "isReadReceiptRequested",
                          "isRead",
                          "isDraft",
                          "webLink",
                          "inferenceClassification",
                          "body",
                          "sender",
                          "from",
                          "toRecipients",
                          "ccRecipients",
                          "bccRecipients",
                          "replyTo",
                          "flag"
                        ]
                      }
                    },
                    "@@odata.nextLink": {
                      "type": "string"
                    }
                  }
                }
              }
            },
            "Set_odata.nextLink": {
              "runAfter": {
                "Parse_Result": [
                  "Succeeded"
                ]
              },
              "metadata": {
                "operationMetadataId": "5da8cf3d-680d-469c-af11-84ba52a1313e"
              },
              "type": "SetVariable",
              "inputs": {
                "name": "NextLink",
                "value": "@body('Parse_Result')?['@odata.nextLink']"
              }
            },
            "Apply_to_each": {
              "foreach": "@body('Parse_Result')?['value']",
              "actions": {
                "Html_to_text": {
                  "runAfter": {},
                  "metadata": {
                    "operationMetadataId": "d769e5b3-9db3-419b-9009-bd7072e10f6c"
                  },
                  "type": "OpenApiConnection",
                  "inputs": {
                    "host": {
                      "connectionName": "shared_conversionservice",
                      "operationId": "HtmlToText",
                      "apiId": "/providers/Microsoft.PowerApps/apis/shared_conversionservice"
                    },
                    "parameters": {
                      "Content": "<p>@{items('Apply_to_each')?['body']}</p>"
                    },
                    "authentication": "@parameters('$authentication')"
                  }
                },
                "Append_to_EmailContent_variable": {
                  "runAfter": {
                    "Html_to_text": [
                      "Succeeded"
                    ]
                  },
                  "metadata": {
                    "operationMetadataId": "2a7a23da-1b6b-4838-a2ac-9f4a58ee9821"
                  },
                  "type": "AppendToStringVariable",
                  "inputs": {
                    "name": "EmailContent",
                    "value": "From: @{items('Apply_to_each')?['from']}\nSubject: @{items('Apply_to_each')?['subject']}\nBody: @{body('Html_to_text')}\nImportance: @{items('Apply_to_each')?['importance']}\n--------------------------------------------"
                  }
                }
              },
              "runAfter": {
                "Set_odata.nextLink": [
                  "Succeeded"
                ]
              },
              "metadata": {
                "operationMetadataId": "9eac24e0-9f43-4909-a218-7145e0110ce7"
              },
              "type": "Foreach"
            }
          },
          "runAfter": {
            "Initialize_variable_Emails": [
              "Succeeded"
            ]
          },
          "expression": "@not(equals(variables('NextLink'), null))",
          "limit": {
            "count": 60,
            "timeout": "PT1H"
          },
          "metadata": {
            "operationMetadataId": "9a44c878-d096-4be4-8692-92eed4244d45"
          },
          "type": "Until"
        },
        "Initialize_variable_Emails": {
          "runAfter": {
            "Initialize_variable_NextLink": [
              "Succeeded"
            ]
          },
          "metadata": {
            "operationMetadataId": "03e3eaf6-29b4-4bcc-bdec-74ece87fe9f3"
          },
          "type": "InitializeVariable",
          "inputs": {
            "variables": [
              {
                "name": "EmailContent",
                "type": "string"
              }
            ]
          }
        },
        "Run_a_prompt": {
          "runAfter": {
            "Do_until": [
              "Succeeded"
            ]
          },
          "metadata": {
            "operationMetadataId": "1cf22740-9878-4c1e-a16f-b957ee25777b",
            "flowSystemMetadata": {
              "portalOperationId": "aibuilderpredict_customprompt",
              "portalOperationGroup": "aibuilder",
              "portalOperationApiDisplayNameOverride": "AI Builder",
              "portalOperationIconOverride": "https://content.powerapps.com/resource/makerx/static/pauto/images/designeroperations/aiBuilderNew.51dbdb6b.png",
              "portalOperationBrandColorOverride": "#0A76C4",
              "portalOperationApiTierOverride": "Standard"
            }
          },
          "type": "OpenApiConnection",
          "inputs": {
            "host": {
              "connectionName": "shared_commondataserviceforapps",
              "operationId": "aibuilderpredict_customprompt",
              "apiId": "/providers/Microsoft.PowerApps/apis/shared_commondataserviceforapps"
            },
            "parameters": {
              "recordId": "0df2b330-9596-4da3-9b36-142cb20a3111",
              "item/requestv2/text": "@variables('EmailContent')"
            },
            "authentication": "@parameters('$authentication')"
          }
        },
        "Respond_to_a_Power_App_or_flow": {
          "runAfter": {
            "Run_a_prompt": [
              "Succeeded"
            ]
          },
          "metadata": {
            "operationMetadataId": "20394ecb-f0a5-492d-be73-254325c5233c"
          },
          "type": "Response",
          "kind": "PowerApp",
          "inputs": {
            "statusCode": 200,
            "body": {
              "response": "@outputs('Run_a_prompt')?['body/responsev2/predictionOutput/text']"
            },
            "schema": {
              "type": "object",
              "properties": {
                "response": {
                  "title": "Response",
                  "x-ms-dynamically-added": true,
                  "type": "string"
                }
              }
            }
          }
        }
      }
    },
    "templateName": ""
  },
  "schemaVersion": "1.0.0.0"
}